seed,removed_node,local_weighted_degree,nearest_neighbor_distance,center_distance,pre_lambda2,max_vacancy_distance,final_vacancy_distance,time_to_sustained_vacancy
0,3,7.332,0.001,2.222,3.749,1.059,1.059,30
1,6,6.837,0.004,0.582,2.115,0.951,0.951,120
2,8,6.872,0.001,3.153,3.380,0.479,0.479,50
3,12,7.109,0.002,1.706,1.623,1.652,1.652,30
4,1,6.001,0.000,2.954,2.956,1.937,1.937,30
5,22,7.234,0.002,2.607,4.028,1.867,1.867,80
6,18,6.281,0.000,2.537,2.924,2.625,2.625,50
7,2,8.689,0.000,2.464,3.871,2.031,2.031,50
8,15,3.275,2.470,2.633,3.087,2.470,2.470,0
9,0,7.603,1.721,2.776,3.654,1.721,1.721,0
10,6,9.380,0.962,2.352,4.872,2.479,2.479,0
11,23,7.582,0.001,2.518,4.330,1.291,1.291,120
12,22,8.166,0.001,2.586,4.167,2.889,2.889,100
13,23,1.411,0.962,3.334,1.454,0.958,0.958,0
14,7,6.087,1.664,3.133,1.436,1.664,1.664,0
15,24,6.348,0.000,3.155,3.042,1.085,1.085,190
16,8,6.661,0.004,1.576,3.389,1.037,1.037,30
17,18,7.708,0.000,2.794,2.580,0.529,0.529,230
18,15,7.629,0.004,0.111,2.210,0.134,0.134,-1
19,2,8.204,1.182,3.421,3.898,1.182,1.182,0
