seed,vacancy_fraction,connectivity_fraction,passed
0,0.940000,1.000000,true
1,0.760000,1.000000,false
2,0.900000,1.000000,true
3,0.940000,1.000000,true
4,0.940000,1.000000,true
5,0.840000,1.000000,true
6,0.900000,1.000000,true
7,0.900000,1.000000,true
8,1.000000,1.000000,true
9,1.000000,1.000000,true
10,1.000000,1.000000,true
11,0.760000,1.000000,false
12,0.800000,1.000000,true
13,1.000000,1.000000,true
14,1.000000,1.000000,true
15,0.620000,1.000000,false
16,0.940000,1.000000,true
17,0.540000,1.000000,false
18,0.000000,1.000000,false
19,1.000000,1.000000,true
